{"cameraMode":{"drawMode":0,"name":"Shaded","section":"Shading Mode"},"sceneLighting":true,"audioPlay":false,"sceneViewState":{"m_AlwaysRefresh":false,"showFog":true,"showSkybox":true,"showFlares":true,"showImageEffects":true,"showParticleSystems":true,"showVisualEffectGraphs":true,"m_FxEnabled":true},"in2DMode":false,"pivot":{"x":0.3618154525756836,"y":0.9727776050567627,"z":-1.1693601608276368},"rotation":{"x":0.08103574067354202,"y":0.9114405512809753,"z":-0.3399488627910614,"w":0.21725498139858247},"size":2.842303514480591,"orthographic":true}